{
    "user": [
      {
        "id": "1",
        "name": "user",
        "services":"fan",
        "subservice":"electrician",
        "mobile": "123456789",
        "address": "deoria"
      },
      {
        "id": "2",
        "name": "user5",
        "services":"light",
        "subservice":"plumber",
        "mobile": "123456789",
        "address": "deoria1"
      },
      {
        "id": "3",
        "name": "user2",
        "services":"cooler",
        "subservice":"cctv",
        "mobile": "123456789",
        "address": "deoria3"
      },
      {
        "id": "4",
        "name": "user4",
        "services":"tap",
        "subservice":"ac",
        "mobile": "123456789",
        "address": "deoria4"
      }
    ],
    "worker": [
          {
            "id": "1",
            "name": "worker",
            "services":"tap",
            "subservice":"plumber",
            "mobile": "123456789",
            "address": "deoria"
          },
          {
            "id": "2",
            "name": "Abhi",
            "services":"fan",
            "subservice":"electrician",
            "mobile": "123456789",
            "address": "deoria1"
          },
          {
            "id": "3",
            "name": "hari",
            "services":"tap",
            "subservice":"electrician",
            "mobile": "123456789",
            "address": "deoria3"
          },
          {
            "id": "4",
            "name": "pili",
            "services":"fan",
            "subservice":"electrician",
            "mobile": "123456789",
            "address": "deoria4"
          },
          {
            "id": "1",
            "name": "NIli",
            "services":"light",
            "subservice":"plumber",
            "mobile": "123456789",
            "address": "deoria"
          },
          {
            "id": "2",
            "name": "ram",
            "services":"tap",
            "subservice":"cctv",
            "mobile": "123456789",
            "address": "deoria1"
          },
          {
            "id": "3",
            "name": "shyam",
            "services":"light",
            "subservice":"cctv",
            "mobile": "123456789",
            "address": "deoria3"
          },
          {
            "id": "4",
            "name": "anu",
            "services":"light",
            "subservice":"cctv",
            "mobile": "123456789",
            "address": "deoria4"
          },
          {
            "id": "1",
            "name": "ramu",
            "services":"cooler",
            "subservice":"cctv",
            "mobile": "123456789",
            "address": "deoria"
          },
          {
            "id": "2",
            "name": "rana",
            "services":"tap",
            "mobile": "123456789",
            "address": "deoria1"
          },
          {
            "id": "3",
            "name": "vivek2",
            "services":"cooler",
            "mobile": "123456789",
            "address": "deoria3"
          },
          {
            "id": "4",
            "name": "jam",
            "subservice":"plumber",
            "mobile": "123456789",
            "address": "deoria4"
          },
          {
            "id": "1",
            "name": "sham",
            "subservice":"plumber",
            "mobile": "123456789",
            "address": "deoria"
          },
          {
            "id": "2",
            "name": "nick",
            "subservice":"ac",
            "mobile": "123456789",
            "address": "deoria1"
          },
          {
            "id": "3",
            "name": "ravi",
            "subservice":"ac",
            "mobile": "123456789",
            "address": "deoria3"
          },
          {
            "id": "4",
            "name": "sandy",
            "subservice":"ac",
            "mobile": "123456789",
            "address": "deoria4"
          }
        ]
      
  }
  